,Qdrant_5_cos,Qdrant_10_cos,Qdrant_20_cos,Qdrant_20_cat_cos,Qdrant_20_cat_dot,Qdrant_20_cat_euc,Qdrant_20_cat_manh
hit_rate,0.612753036437247,0.6521255060728745,0.6876518218623482,0.9118421052631579,0.9118421052631579,0.9118421052631579,0.9068825910931174
mrr,0.5345310391363006,0.5398011454919345,0.5423184696187611,0.7891646729884217,0.7891646729884217,0.7891646729884217,0.7822082601879835
